loss_D_fake,loss_D_real,loss_D,loss_G_GAN,loss_G_L1,loss_G,epoch
0.4883327914774418,0.5226788212358952,0.5055058053135872,1.3725451463460923,9.70457754611969,11.077122669219971,0
0.453540892675519,0.46667871937155725,0.46010980553925035,1.6345090380311011,9.688861281871796,11.323370318412781,0
0.4733197259902954,0.4855844243367513,0.47945207501451176,1.5943432891368865,9.992757096290589,11.587100394566853,0
0.47499435029923914,0.488513009082526,0.48175367996096613,1.5631735128164292,10.116178897619248,11.679352412223816,0
0.4786636247038841,0.49242042598128316,0.48554202589392664,1.5529944416880608,10.23247298526764,11.785467422485352,0
0.5185859081149101,0.5625126125663519,0.5405492597818374,1.3689838203787803,10.618020753860474,11.987004528045654,1
0.5260255013778806,0.5601867110282183,0.5431061051785946,1.3420590002834798,10.54474983215332,11.886808824539184,1
0.5266200556854407,0.5540701663369934,0.5403451097508272,1.3331676362951597,10.588434572219848,11.921602210998536,1
0.5272050422802568,0.5576019389834255,0.5424034898355603,1.3154985914379358,10.545424426794051,11.860923011302948,1
0.527292350500822,0.5583790026977659,0.542835676163435,1.3077324628829956,10.547905520439148,11.855637987136841,1
0.5146127706766128,0.5696779869496822,0.5421453797817231,1.2722695827484132,10.56416766166687,11.836437282562256,2
0.5314545300602913,0.5755651345103979,0.5535098339617253,1.2628653681278228,10.49317265510559,11.756038064956664,2
0.5263151502609253,0.5690160375585158,0.5476655946671962,1.2754783338308335,10.530425742467244,11.805904092788696,2
0.5261851893365384,0.5652936083823442,0.5457393993064761,1.2662095507234334,10.44913516640663,11.715344729423522,2
0.5247954429686069,0.564717714458704,0.5447565791904926,1.266023301422596,10.447318219184876,11.713341526031494,2
0.5252945625782013,0.5867175225913525,0.5560060399770737,1.230954918861389,10.488159732818604,11.719114656448363,3
0.5338433821499348,0.5842419901490211,0.5590426851809025,1.2308153188228608,10.474506654739379,11.705321979522704,3
0.5302773405611515,0.5826189567272861,0.5564481474955877,1.243174716035525,10.49990860303243,11.74308331489563,3
0.530353535823524,0.57906130165793,0.5547074173390866,1.2408090901374818,10.416319283246994,11.65712837934494,3
0.5293580532968044,0.5755676760673523,0.5524628638029099,1.2400798822641372,10.425145438194274,11.665225324630738,3
0.5224804693460464,0.5982814031839371,0.5603809376060963,1.2393271419405938,10.423249263763427,11.662576417922974,4
0.5296472482383251,0.5891747880540789,0.5594110199809075,1.2252768088877202,10.3900417137146,11.615318508148194,4
0.5264130205412706,0.5861940736323595,0.556303547869126,1.2323140302300453,10.437171443303425,11.669485448201497,4
0.5262200671061873,0.5786579561792314,0.5524390127882362,1.2363116236776113,10.359223425388336,11.595535027980805,4
0.523370681732893,0.5740167178064585,0.548693700402975,1.2418409565091133,10.363447832107544,11.605288766860962,4
0.5106151458621025,0.584554285928607,0.547584712356329,1.2624265855550767,10.352576422691346,11.615003061294555,5
0.5186051996797323,0.5841226671263575,0.551363932415843,1.2505515006184578,10.343383572101594,11.5939350938797,5
0.5159380682309469,0.5801247674350937,0.5480314170320829,1.2472383821010589,10.404900523821512,11.652138926188151,5
0.5194834423065186,0.577160708643496,0.5483220748603344,1.243783834427595,10.33477160692215,11.578555455207825,5
0.5206835477054119,0.5740546551123261,0.5473691010475159,1.249669368982315,10.34001078414917,11.58968016242981,5
0.5169470620155334,0.6090488566830754,0.5629979573190212,1.2473614019155503,10.338669548034668,11.586030950546265,6
0.5256441619992256,0.5973906266130506,0.5615173936635256,1.2506934225559234,10.33262375831604,11.583317198753356,6
0.5190581254661083,0.5878200364857912,0.5534390809635321,1.2473249590396882,10.38994309425354,11.637268063227335,6
0.5232155938819051,0.5854274256993085,0.5543215100467205,1.2506894761323928,10.318426686525346,11.569116166830064,6
0.5216099110841751,0.5802731802910567,0.5509415454268456,1.2597103134393692,10.325617735862732,11.58532804775238,6
0.5257182276248932,0.5998046316206456,0.5627614304423332,1.2435439544916154,10.329189581871033,11.572733516693114,7
0.5377041464298964,0.6032460967451334,0.5704751216620206,1.2376622077822685,10.320301830768585,11.557964048385621,7
0.5282448155681292,0.5946954652915398,0.561470139225324,1.2365226896603903,10.365476717948914,11.601999419530232,7
0.5301391614601016,0.589319246513769,0.5597292028740048,1.2327242047339677,10.289709807634354,11.52243402481079,7
0.5293742504715919,0.5839565202444792,0.5566653845608235,1.239387353360653,10.281320439338684,11.520707809448242,7
0.523714503198862,0.6041849340870976,0.5639497175812721,1.2214024552702905,10.238170275688171,11.459572715759277,8
0.5277848471701145,0.5957386256381869,0.5617617355287075,1.2243189215660095,10.217446444034577,11.441765332221985,8
0.5230301934977373,0.584970114150395,0.554000152995189,1.2292013049125672,10.277549866040548,11.506751146316528,8
0.5252092018350959,0.5826584661891684,0.5539338334277272,1.2277472031861543,10.204640318155288,11.432387490272522,8
0.5279121914803981,0.5786005089841783,0.5532563503086567,1.2320747385621071,10.198980061531067,11.431054767608643,8
0.519672891497612,0.5902381520532072,0.5549555200338364,1.2197077092528343,10.166098065376282,11.385805721282958,9
0.5230129276961089,0.5877397212665528,0.5553763231635094,1.2208537554740906,10.11293523311615,11.333788957595825,9
0.5166983518997829,0.5798999291658401,0.5482991397380829,1.2300126014153163,10.175881900787353,11.405894482930501,9
0.523187357969582,0.5806871589180083,0.5519372582063079,1.2319104052335024,10.118197668790817,11.35010805130005,9
0.5247110359370708,0.5751540344916284,0.5499325352013111,1.2353665301799774,10.107433890342712,11.342800397872924,9
0.5228479786217213,0.5948024566844106,0.5588252162933349,1.2304424983263016,10.107047500610351,11.337490034103393,10
0.5297563156485557,0.5913289186544717,0.5605426172167063,1.2421089640259744,10.042924711704254,11.28503369808197,10
0.5229378855228424,0.5813172311770419,0.5521275593340397,1.2461989917357763,10.066990269025167,11.313189277648926,10
0.5266775255277752,0.5801347355684265,0.5534061310812831,1.2423277731984854,10.01374209165573,11.25606988787651,10
0.5271982203722,0.5754163810387254,0.5513073015511036,1.2441854316592216,10.00831865978241,11.25250410747528,10
0.5204333175718784,0.5889049377292395,0.5546691292524337,1.2223780292272568,9.947207703590394,11.169585723876953,11
0.5250010009855032,0.5874760057590902,0.5562385042756796,1.2336845794320106,9.893639862537384,11.127324438095092,11
0.5183896348873774,0.5791912058616678,0.5487904205421607,1.2449116496245067,9.931887861887613,11.176799503962199,11
0.5253376844525337,0.5782169766072184,0.5517773316055536,1.2511180633306502,9.881999481916427,11.133117532730102,11
0.5283789453804493,0.5762253976166248,0.5523021722733974,1.2520381602048873,9.877103404045105,11.129141542434692,11
0.5161091041564941,0.5774264096841216,0.5467677563428879,1.224905514717102,9.811400322914123,11.036305837631225,12
0.5313303626328707,0.5853248100541532,0.5583275862038135,1.2488538040220738,9.756454446315765,11.005308241844178,12
0.5242236432929833,0.5791111988946795,0.5516674211124579,1.2439358714222908,9.804911437034606,11.048847312927245,12
0.5282041133195162,0.5776506260596216,0.5529273688420653,1.2437931004911662,9.754946246147156,10.998739346265793,12
0.5308829996287823,0.5763319173194468,0.5536074576079846,1.2415234494209288,9.748768255233765,10.990291705131531,12
0.5241909019649029,0.5757113982737064,0.549951147288084,1.22586354136467,9.721161584854126,10.94702516555786,13
0.5330949949473143,0.5842167562711984,0.5586558736115694,1.2302275554835795,9.634100530147553,10.864328112602234,13
0.5254386093715827,0.5798152612708509,0.5526269333064556,1.2388634319106737,9.685131107966106,10.923994547526041,13
0.5307857324182987,0.5790531121054664,0.55491942089051,1.2459211707860232,9.642722742557526,10.888643910884857,13
0.5323664655089378,0.576150892265141,0.5542586780190468,1.242037781536579,9.639175347328186,10.881213130950927,13
0.5221669118106366,0.5753339892067015,0.5487504509091378,1.214668138027191,9.562084956169128,10.776753129959106,14
0.5281706253439188,0.5821761167421937,0.5551733691245317,1.2332509370148181,9.491558284759522,10.724809250831605,14
0.5226228287319342,0.5782114429213107,0.5504171343644461,1.232214492857456,9.552916981379191,10.785131511688233,14
0.5227647227421403,0.5727076213294641,0.5477361704409123,1.2413088908791543,9.503670301437378,10.74497922062874,14
0.5277454036176205,0.5737173295989633,0.5507313653826713,1.237596116065979,9.502869351387023,10.740465483665467,14
0.5201129758358002,0.5750373565964401,0.5475751639902592,1.2406932890415192,9.449529881477355,10.690223150253296,15
0.5253114937245846,0.5810410772450268,0.5531762837618589,1.238091451972723,9.39096352815628,10.6290549659729,15
0.5227144417663415,0.5763220063783229,0.5495182227591674,1.2392333300908407,9.425950622558593,10.665183954238891,15
0.5257601953297854,0.5732473476184532,0.5495037702098489,1.2424626651406288,9.389131942987442,10.631594616174699,15
0.5297093884050846,0.5703450233060866,0.5500272046625614,1.240256285905838,9.372861320495605,10.613117615699768,15
0.5198870918154717,0.585849464777857,0.5528682798147202,1.2358542346954347,9.304341149330138,10.540195417404174,16
0.5359361108392477,0.590460135312751,0.5631981226801872,1.2471223038434982,9.202666943073273,10.449789252281189,16
0.5292216167847316,0.5796671988007923,0.5544444078207016,1.2444001398483913,9.261902720133463,10.506302865346273,16
0.5282324252277613,0.5766255892859772,0.5524290074780583,1.2464965687692164,9.216207768917084,10.462704348564149,16
0.5308032309114933,0.574586892168969,0.5526950619518757,1.2398441874980926,9.214393915176391,10.454238119125366,16
0.5212425263226033,0.5738431206718088,0.5475428213179111,1.2577574002742766,9.143410272598267,10.401167669296264,17
0.5337670953571796,0.5793051593750715,0.5565361272543669,1.2489581720530987,9.083396236896515,10.332354412078857,17
0.5322872449457645,0.5742493569850922,0.5532683011889458,1.2457049078742664,9.134520190556843,10.380225105285644,17
0.53203583041206,0.5727572661358863,0.5523965481668711,1.2486135820299387,9.091976943016052,10.340590518712997,17
0.5360350069850683,0.5718782923892141,0.5539566496014595,1.2459157808423043,9.07972846698761,10.325644249916076,17
0.5130007816106081,0.5620193455833942,0.5375100634992123,1.2344896686077118,9.096092939376831,10.330582580566407,18
0.5318581415340304,0.5759678958589212,0.5539130183309317,1.2429417061805725,9.003343825340272,10.246285517215728,18
0.5294697704166174,0.5724551369901747,0.5509624540805816,1.239681504368782,9.023958818117778,10.263640294075012,18
0.529768207911402,0.5713881703210063,0.5505781894177199,1.2527865871787072,8.974478400945664,10.227264966964722,18
0.5342000836879015,0.5716537041198462,0.5529268941283226,1.2467446182966233,8.96628600692749,10.213030603408814,18
0.5220304471254349,0.5651925226673484,0.5436114808917045,1.2428958332538604,8.92511570930481,10.168011598587036,19
0.5412017008662224,0.5830090508330613,0.5621053721755743,1.2420786961913108,8.871570234298707,10.113648941516876,19
0.5339862521986166,0.5767720044838885,0.5553791260222594,1.2396823062499365,8.88209186077118,10.121774175961813,19
0.5308967501297593,0.5711156834708526,0.5510062154754997,1.2460671477019787,8.851323338747024,10.097390491962432,19
0.5355382200181484,0.5732153861522674,0.5543768022358417,1.2429831144809722,8.836228360176086,10.079211483001709,19
0.5179243503510952,0.5648411316983402,0.541382741034031,1.246852039694786,8.815654616355896,10.062506618499755,20
0.537328327074647,0.5740312753617763,0.5556798020750284,1.2397907046973706,8.78337265253067,10.023163332939149,20
0.5354047870635986,0.5730734024445215,0.5542390948037307,1.2325690589348475,8.788314220110575,10.020883250236512,20
0.5354627384990454,0.5732155641587451,0.5543391504511237,1.2423945766687394,8.736499481201172,9.978894038200378,20
0.5394970713853836,0.57264354262501,0.556070306301117,1.2390411382913589,8.726051827430725,9.96509295654297,20
0.5209853900969028,0.5660169780813158,0.5435011847317219,1.2403350925445558,8.703458514213562,9.94379361152649,21
0.5410589193925261,0.574907763171941,0.5579833418130875,1.243694741129875,8.61564513683319,9.859339883327484,21
0.5398112306743861,0.5775529235104719,0.5586820771793525,1.240066684782505,8.645517145792644,9.885583828290304,21
0.535483773406595,0.5710917398240417,0.5532877561450005,1.2454664685577155,8.602060204744339,9.847526671886444,21
0.5381365906447172,0.5702248781993985,0.5541807337403297,1.238963281750679,8.58529231262207,9.824255584716797,21
0.5282138334214688,0.5706784862466157,0.5494461590051651,1.2255750286579132,8.560632014274598,9.786207027435303,22
0.5393663289025425,0.5784196097403764,0.5588929691910743,1.2323423577845096,8.479993891716003,9.71233625650406,22
0.5358663088828325,0.5751876117413243,0.5555269597967466,1.243274512588978,8.491813124020894,9.735087623596192,22
0.5340582591108978,0.5709522838052362,0.552505270652473,1.246178981885314,8.464082368612289,9.710261340141296,22
0.5378286442607642,0.5693554366994649,0.5535920397937297,1.2434420412778855,8.45513152694702,9.698573554992675,22
0.5270008045434952,0.5694992021750659,0.548250003606081,1.2406071656942368,8.433214859962463,9.673822016716004,23
0.5409158930182457,0.5723245701612905,0.5566202325373888,1.2498390842974185,8.370631296634674,9.620470390319824,23
0.5368072988341251,0.5692554895176242,0.5530313943326474,1.2521745453278224,8.399313179651896,9.65148772875468,23
0.5321240784414113,0.5655896704061888,0.5488568743690848,1.258060582280159,8.35297532916069,9.611035910844803,23
0.5367196525782346,0.566744538879022,0.5517320953905582,1.2554551287293434,8.352446371078491,9.60790149974823,23
0.5166427932679654,0.5550617842189968,0.5358522877097129,1.2621505534648896,8.304333066940307,9.566483635902404,24
0.5358425360918045,0.5680967323575169,0.5519696328788996,1.2716117039322854,8.247158756256104,9.518770473003388,24
0.5311889445781708,0.5649771394145986,0.548083040813605,1.2635332115491231,8.267308659553528,9.530841886202495,24
0.5302669153735041,0.5625320548005402,0.5463994842395187,1.2686247941851616,8.242416877746582,9.51104168534279,24
0.533127152979374,0.5621769203804433,0.5476520358026028,1.26434610247612,8.228397453308105,9.49274356842041,24
0.52877576649189,0.5584297225438059,0.543602742999792,1.257915016412735,8.136582946777343,9.394497919082642,25
0.5423276327550411,0.5684014932159335,0.5553645629435777,1.2686669513583184,8.092229976654053,9.360896873474122,25
0.5360094638168812,0.5642017524130643,0.5501056075592836,1.2670345761378605,8.1268478902181,9.39388240814209,25
0.5329807896539569,0.5604720926703886,0.5467264399677515,1.2687307891994715,8.11251404762268,9.381244792938233,25
0.5353421314805746,0.5606685755699873,0.5480053525567055,1.2643100020289422,8.101349162101746,9.36565913295746,25
0.523068425655365,0.54966367918998,0.5363660529255867,1.2676198589801788,8.04791326522827,9.315533151626587,26
0.5466816670075059,0.5661650147568434,0.5564233412593603,1.2768929563462734,7.974910593032837,9.251803560256958,26
0.5403421708444754,0.5641466832285126,0.5522444269557794,1.2707108748952547,8.009417986869812,9.280128865242004,26
0.5365518653020263,0.5607752181310207,0.548663541264832,1.271327834352851,7.990058261156082,9.261386102437973,26
0.5380024663507939,0.560094321064651,0.5490483931601048,1.2626791768074035,7.989856289863586,9.252535467147828,26
0.5366902308166027,0.5562786457501352,0.5464844401180744,1.2686189460754393,7.978055090904236,9.246674060821533,27
0.5422706722095608,0.5596082608681172,0.5509394666552544,1.274836903065443,7.907735669612885,9.182572581768035,27
0.5353428888320922,0.5584907640951375,0.5469168265163898,1.2752435751756033,7.927000136375427,9.202243711153667,27
0.5350400571152568,0.5580659497203305,0.546553003937006,1.2742351135611534,7.90051323056221,9.174748347997665,27
0.5359269194602966,0.5565174304284155,0.5462221754789353,1.2656661944389342,7.891888424873352,9.1575546169281,27
0.5285932733863592,0.5485532235726714,0.538573247641325,1.285082583427429,7.783627943992615,9.068710603713988,28
0.5417664873227477,0.5618736268766225,0.551820056065917,1.2917507782578468,7.744290697574615,9.036041531562805,28
0.5379145810753108,0.5595740140105288,0.5487442976733049,1.2856021964550017,7.794842125574748,9.080444353421528,28
0.5329432558082045,0.5522635248675942,0.5426033904030919,1.2833556300401687,7.7698801743984225,9.053235830068589,28
0.5350559063702822,0.5528803783841432,0.543968142002821,1.2798488054275512,7.759836570739746,9.039685389518738,28
0.5246001443266869,0.5452304217964411,0.5349152836203576,1.2709311085939408,7.711460585594177,8.982391657829284,29
0.5401594055816531,0.5581444071605801,0.5491519062221051,1.2821768766641617,7.6578821635246275,8.940059025287628,29
0.5373522394895554,0.5559500504905979,0.546651145418485,1.279298973083496,7.686063291231791,8.965362256368001,29
0.533104342352599,0.5532911883015186,0.5431977654621005,1.2784501031041144,7.6686641573905945,8.947114256620408,29
0.5337294337898493,0.550613565646112,0.542171500235796,1.2748137365579606,7.64572009563446,8.92053382396698,29
0.533933261334896,0.550070292390883,0.5420017740130425,1.2811092388629914,7.604860491752625,8.885969762802125,30
0.5410166947171092,0.5516509111784399,0.5463338019698858,1.2738341426849364,7.523279821872711,8.797113976478578,30
0.535586323911945,0.5479011613999804,0.5417437419792016,1.2770988217989603,7.551678733825684,8.828777567545574,30
0.5329442426003516,0.5471823803056032,0.540063311047852,1.274908535927534,7.5466912293434145,8.821599761247635,30
0.5351276135593652,0.5480233479365706,0.5415754803717137,1.2681857939958572,7.541071202278137,8.809256992340089,30
0.5313581310212612,0.5433820848539471,0.5373701076209545,1.2651626074314117,7.5602950716018675,8.825457673072815,31
0.5710749574378133,0.5786856613121927,0.5748803093284368,1.2965165877342224,7.4288929128646854,8.725409502983092,31
0.5579830176383257,0.5682506247609854,0.5631168210009734,1.2841128685077032,7.451925692558288,8.736038560867309,31
0.550286377388984,0.5635214537009596,0.5569039150699973,1.2835114964842795,7.434936882257461,8.718448365926742,31
0.5476242173761129,0.5585615049004555,0.5530928605496883,1.273160099029541,7.431718244552612,8.704878329277038,31
0.525830859914422,0.5351983658596873,0.5305146136879921,1.2904876148700715,7.4309701299667354,8.721457710266113,32
0.5419476496055722,0.5473676277510822,0.5446576391160488,1.284241008758545,7.348702540397644,8.632943501472473,32
0.5383136317630609,0.5442886181424061,0.5413011252383391,1.2832230061292649,7.379135735829672,8.66235869884491,32
0.5344978341646492,0.5429931384697556,0.5387454861775041,1.2803724634647369,7.36034085392952,8.640713278055191,32
0.5355345925241709,0.5425557873398066,0.5390451893508434,1.275963336467743,7.348929342269898,8.624892647743225,32
0.5429585366696119,0.5419543228670954,0.5424564281105995,1.2943385601043702,7.346405425071716,8.640744004249573,33
0.5522900695726275,0.5530635475181043,0.5526768067479133,1.2904899245500565,7.2348217058181765,8.525311627388,33
0.5452189566691716,0.5512565112983187,0.5482377328475316,1.28232436756293,7.275179959932963,8.557504331270854,33
0.542136303409934,0.5487273926567287,0.5454318473488092,1.2785674022138118,7.2554836595058445,8.53405106306076,33
0.5418083785772324,0.5482386423125863,0.5450235096812248,1.2735938839912415,7.24746392917633,8.521057806968688,33
0.533672206774354,0.5373456450179219,0.5355089269578457,1.2800568956136704,7.187577290534973,8.467634177207946,34
0.5383859256654978,0.543562329094857,0.5409741286188364,1.2866427624225616,7.14526599407196,8.431908745765686,34
0.5363992668688298,0.5461182491108775,0.5412587593495846,1.2920130008459092,7.1905049149195355,8.482517914772034,34
0.5354238360375166,0.5449666411150247,0.540195239149034,1.2880836364626884,7.169891849756241,8.45797547698021,34
0.5406297143399715,0.5465984790250659,0.543614096969366,1.2845820698738097,7.153990514755249,8.438572582244873,34
0.5265853460133075,0.5353466894477605,0.530966015458107,1.2652932423353196,7.1394035482406615,8.404696826934815,35
0.5352869445458055,0.54537647690624,0.5403317100554704,1.27900371581316,7.055328159332276,8.334331886768341,35
0.5359686829149723,0.5432138835887114,0.5395912829538186,1.2805882908900579,7.1047419850031535,8.385330287615458,35
0.534861209653318,0.5432378300838172,0.5390495200827717,1.2820151525735854,7.0869192016124725,8.368934364318848,35
0.536993353664875,0.5422904264032841,0.5396418906152248,1.2776907304525376,7.073064281463623,8.350755016326904,35
0.5357564529776573,0.5331010385602712,0.534428745508194,1.305363619327545,7.0210705614089965,8.326434173583984,36
0.5414434335380792,0.5447164319455624,0.5430799323320389,1.2964097714424134,6.968432085514069,8.264841864109039,36
0.5377858963857094,0.5402148228387038,0.5390003573894501,1.2976862011353174,6.994531524976095,8.292217736244202,36
0.5360821364633739,0.5415238248743117,0.5388029795140028,1.302736069560051,6.979357316493988,8.282093394994735,36
0.5351105056107044,0.5403524528816342,0.5377314779758453,1.2986604840755462,6.982403244972229,8.281063742637635,36
0.5351003725826741,0.5378550052642822,0.5364776879549027,1.2999000763893127,6.975510940551758,8.275411028861999,37
0.5328633419424296,0.5386411022767424,0.5357522210478782,1.302201333642006,6.909378387928009,8.211579723358154,37
0.5344598005712032,0.5388604611779253,0.5366601301232974,1.303413506646951,6.932768454551697,8.236181964874268,37
0.5329694230854511,0.539064910216257,0.5360171660035848,1.3052565694600344,6.910553488731384,8.215810055732726,37
0.5349563775658608,0.5397362960502505,0.5373463360071182,1.3023712456822396,6.903414401054382,8.205785634994507,37
0.5243994414806366,0.5318127562105656,0.5281060975790024,1.281625710129738,6.907653942108154,8.189279642105102,38
0.580410478785634,0.5923331386595965,0.586371808052063,1.3248140206933021,6.811449675559998,8.136263697147369,38
0.5630264036109051,0.5715036797647675,0.5672650416692098,1.3073640077312787,6.850456096331278,8.157820108731588,38
0.5502319521829486,0.5601830192003399,0.5552074851095676,1.2983160505443812,6.832453017234802,8.130769070386886,38
0.546354974374175,0.5539703935310245,0.5501626834273339,1.2931822648644447,6.821956058502197,8.115138329505921,38
0.5295956705510616,0.5287674672156573,0.5291815656423569,1.2946452337503433,6.825249466896057,8.119894690513611,39
0.5337827761657536,0.5373882901668549,0.535585530102253,1.3019578775763512,6.74192507982254,8.043882958889007,39
0.5311770939702789,0.5355492954701185,0.5333631931742032,1.3064359134435655,6.7790365330378215,8.085472447077434,39
0.5301024231221527,0.533695780383423,0.5318991003930569,1.3108926109969616,6.768968261480332,8.079860881567,39
0.5289426501020789,0.5322915606573224,0.5306171039342881,1.3086848913431168,6.7723434009552,8.081028302192689,39
0.516045204848051,0.517494704425335,0.5167699551582337,1.3204393267631531,6.760699653625489,8.081138949394227,40
0.5237349509447813,0.5278002927452325,0.5257676222920418,1.3259667348861695,6.701645483970642,8.027612187862395,40
0.5267465266833703,0.5316622461378574,0.5292043869694074,1.336855165163676,6.739776236216227,8.076631390253702,40
0.5250758132338524,0.5301250918768347,0.5276004526764154,1.3317771644890308,6.716271963119507,8.048049128055572,40
0.5243634673058987,0.5281164699196815,0.5262399693131447,1.3290316376686095,6.7151049737930295,8.044136607170104,40
0.5249296462535858,0.5267975573986768,0.5258636033535004,1.344968100786209,6.6829621744155885,8.027930226325989,41
0.5295836777612567,0.5347621452435851,0.5321729116141796,1.3493702048063279,6.62796350479126,7.977333664894104,41
0.5287700373182694,0.5305549995104472,0.529662518898646,1.348006208340327,6.662009054819743,8.010015246073404,41
0.5309499068558217,0.5323267075419426,0.5316383077204228,1.3475776033103466,6.641683484315872,7.989261063337326,41
0.5263427020013333,0.5286554611474276,0.5274990820288659,1.3418692897558213,6.63540558719635,7.977274856567383,41
0.5571534462273121,0.5481987641751767,0.5526761049032212,1.360492885708809,6.6263649463653564,7.9868578577041625,42
0.5372406981885434,0.5387718514725566,0.5380062734335661,1.3570663207769393,6.56861923456192,7.925685567855835,42
0.5299147700021665,0.5336408726871014,0.5317778204381466,1.362179704507192,6.602615876197815,7.9647955926259355,42
0.5285545926727354,0.5317699284106493,0.5301622598990798,1.3588417647778988,6.58540344119072,7.944245207309723,42
0.52987105768919,0.5309066150486469,0.5303888357579708,1.3565119594335555,6.581066422462463,7.937578385353088,42
0.5077958704531192,0.5155707259476184,0.5116832968592644,1.3362612903118134,6.549940295219422,7.886201553344726,43
0.5684102283418179,0.5744639730080963,0.5714371013641357,1.3814483563601971,6.494408142566681,7.875856471061707,43
0.5464171482622624,0.5517420407508811,0.5490795947114626,1.3596092000603677,6.526693539619446,7.886302722295126,43
0.537811585329473,0.5417328648362308,0.5397722252458333,1.3522666623443365,6.51330317735672,7.865569829940796,43
0.5325875460803509,0.5359818681702018,0.5342847071290017,1.3458804903626442,6.510167281150818,7.8560477657318115,43
0.5129529412835836,0.5154061507806182,0.5141795426607132,1.3579895907640458,6.554316740036011,7.912306342124939,44
0.5174712562933564,0.5260277378372848,0.5217494967579842,1.3674965497851372,6.472531998157502,7.8400285530090335,44
0.517812149276336,0.5245826394980152,0.5211973947286606,1.3684159710009893,6.495966477394104,7.864382452964783,44
0.517220843732357,0.523370104143396,0.52029547393322,1.3671864439547061,6.475741933584214,7.842928380966186,44
0.5164689163267613,0.5213896474763751,0.5189292814135551,1.3646401065587996,6.4705745115280155,7.8352146196365355,44
0.5214387667179108,0.5220508998632432,0.5217448338866234,1.3659729063510895,6.460166277885437,7.826139187812805,45
0.5263617913424968,0.5206676036864519,0.5235146989673376,1.371921796798706,6.392834198474884,7.76475599527359,45
0.5204982557147741,0.5196335599323114,0.5200659078856309,1.382748590707779,6.43769203821818,7.820440632502238,45
0.541835009958595,0.5401496759429574,0.5409923423454166,1.4110787837207317,6.41761877655983,7.82869756102562,45
0.5396236928999424,0.5393096049726009,0.539466647952795,1.3935371352434158,6.4130360841751095,7.80657322883606,45
0.5083206231892109,0.5024215303361416,0.5053710767626762,1.3439135122299195,6.4048366355896,7.748750138282776,46
0.5044720727205276,0.5043655048683285,0.5044187899678946,1.3635330709815026,6.3523527836799625,7.715885856151581,46
0.5061810971796512,0.5070342258612315,0.5066076623896758,1.3742045398553213,6.4082792329788205,7.782483770052592,46
0.5062640364468097,0.507869616895914,0.5070668275281787,1.3789348578453064,6.387920897006989,7.766855745315552,46
0.5064844328910112,0.5086420249193907,0.5075632293522357,1.3820069270133972,6.386828619003296,7.768835536003113,46
0.5103038941323758,0.5131187646090984,0.5117113295197487,1.3979576832056047,6.3758519172668455,7.773809595108032,47
0.5183597448095679,0.5125667596235871,0.5154632535576821,1.4178974387049674,6.306939749717713,7.724837188720703,47
0.5178986059129238,0.515977236405015,0.5169379226366679,1.4257430869340897,6.350932977994283,7.776676068305969,47
0.5172326329536736,0.5136754809692502,0.5154540579020978,1.4267995092272758,6.33378189086914,7.760581406354905,47
0.5118955817371607,0.5103841871321201,0.5111398854851723,1.4244217466115952,6.327409580230713,7.751831334114074,47
0.5147222410142421,0.5134931328892708,0.5141076850891113,1.4669171077013017,6.342370414733887,7.80928750038147,48
0.507287882976234,0.5085105174407363,0.5078991989791394,1.4597235274314881,6.278930974006653,7.738654489517212,48
0.4990091201166312,0.5015797751396894,0.5002944475412369,1.4646639664967855,6.316087929407756,7.780751899083455,48
0.5018872506730259,0.5038397225737572,0.5028634863346815,1.4651750367879868,6.296915495395661,7.762090536355973,48
0.5366774417608976,0.5363019803911447,0.5364897112846374,1.4748035943508149,6.284980454444885,7.759784056663513,48
0.49770761489868165,0.49750399302691223,0.4976058050990105,1.3704197800159454,6.249270014762878,7.619689807891846,49
0.4955213418230414,0.494050987046212,0.4947861647605896,1.3870714813470841,6.228185889720916,7.6152573847770695,49
0.4923890736699104,0.4955765098830064,0.49398279110590615,1.4117495028177898,6.260528289477031,7.672277805010478,49
0.4947277329489589,0.4953656210564077,0.4950466765463352,1.4179797060787678,6.237039217948913,7.655018941164017,49
0.4933194123208523,0.4943362791389227,0.4938278457522392,1.4258458424806595,6.230556631088257,7.656402491569519,49
0.4932136907428503,0.49119152784347536,0.4922026088833809,1.484443064928055,6.246386089324951,7.730829162597656,50
0.48953844998031854,0.49142454952001574,0.49048149794340135,1.4875444999337197,6.185751006603241,7.673295519351959,50
0.4911420930425326,0.4951975176110864,0.49316980501015983,1.489867570400238,6.229638174374898,7.719505758285522,50
0.49415784910321237,0.4975498921237886,0.4958538698405027,1.4870665802061558,6.19781210064888,7.684878685474396,50
0.5175988081544638,0.5206742453724146,0.5191365265846253,1.5051967784166336,6.1931670961380005,7.698363878250122,50
0.49882010005414484,0.5015959569066762,0.5002080285549164,1.3966789549589158,6.17247079372406,7.56914972782135,51
0.49117564983665946,0.4929679912701249,0.4920718212425709,1.4156799733638763,6.123584868907929,7.539264824390411,51
0.48785389340172214,0.49218125514686106,0.4900175746778647,1.4341083419322969,6.155823109944661,7.589931446711223,51
0.4863281544018537,0.49065134562551976,0.4884897506982088,1.4436066806316377,6.145787818431854,7.5893944954872135,51
0.4882359304204583,0.49117448323965074,0.4897052073478699,1.4492527276277543,6.150908138275146,7.600160862922668,51
0.5151388713717461,0.5158029635623097,0.5154709187150002,1.470107243657112,6.139972476959229,7.6100797367095945,52
0.49828314397484064,0.49959686962887645,0.4989400073885918,1.4855101129412651,6.106950342655182,7.592460455894471,52
0.4926151165862878,0.4963065073763331,0.49446081280708315,1.500558350086212,6.148046932220459,7.6486052846908565,52
0.49000940561294554,0.49410559250973163,0.4920574998110533,1.500198034197092,6.1405844509601595,7.640782487392426,52
0.4933170631825924,0.4957408954873681,0.4945289797782898,1.505476076543331,6.1340302562713624,7.6395063362121585,52
0.5065992827713489,0.5063090591505169,0.5064541712403298,1.508045963048935,6.133393721580505,7.641439695358276,53
0.4996809925884008,0.5031700827926398,0.5014255367219448,1.518178859949112,6.093008072376251,7.611186940670013,53
0.4905736899872621,0.4954222290466229,0.49299795816342035,1.5307024176915487,6.126865973472595,7.657568387985229,53
0.4889154591411352,0.4933708285726607,0.49114314302802087,1.5242927734553815,6.103673379421235,7.627966153621673,53
0.4925312914997339,0.4963903406634927,0.49446081525087354,1.5202740163803101,6.097311731338501,7.617585752487183,53
0.49965671606361867,0.4944710409641266,0.4970638763904571,1.5033144509792329,6.0684734725952145,7.571787900924683,54
0.49737499736249446,0.49241240628063676,0.4948937001824379,1.5260572862625121,6.0415023636817935,7.567559652328491,54
0.4928451498846213,0.4934312228610118,0.49313818573951723,1.5349234370390574,6.083591400782267,7.6185148350397744,54
0.5087235658988356,0.5082386642508209,0.5084811144322157,1.537059110030532,6.050782806873322,7.587841916084289,54
0.5021523230969905,0.5017571722418069,0.5019547472000122,1.5259071875214576,6.052234259605408,7.578141432762146,54
0.5013201599568129,0.4975363265350461,0.4994282430410385,1.5146525794267653,6.033847613334656,7.548500204086304,55
0.49315152801573275,0.49346035858616233,0.4933059433102608,1.514088989496231,5.983950521945953,7.4980395317077635,55
0.4844075840214888,0.48772791697333256,0.48606775015592574,1.532762856086095,6.020075249671936,7.552838106155395,55
0.4854260930232704,0.48617894905619324,0.4858025210350752,1.5369096158444882,6.010396970510483,7.54730659365654,55
0.4862726281732321,0.48630587627738714,0.48628925210237506,1.5381862337589265,6.016181965827942,7.554368204116821,55
0.4889959693700075,0.48785413429141045,0.48842505186796187,1.557010264992714,6.00346248626709,7.560472722053528,56
0.48482213109731676,0.49066811313852665,0.4877451218664646,1.5644633358716964,5.9788621187210085,7.543325433731079,56
0.48161874247093994,0.48315559737384317,0.4823871699968974,1.5683844504753748,6.01491761525472,7.583302046457926,56
0.48013596640899775,0.47945393474772574,0.4797949507087469,1.5681016809493302,5.9987718665599825,7.566873532533646,56
0.481535466209054,0.48180102871358393,0.48166824731230734,1.5709330852627754,5.998549159049988,7.569482242584228,56
0.4698893346637487,0.4696033058315516,0.4697463199496269,1.5705470496416092,6.007407641410827,7.577954678535462,57
0.48776558324694635,0.48629698948934674,0.48703128561377523,1.5878834986686707,5.951857085227966,7.539740550518036,57
0.4741423329462608,0.4772190444543958,0.4756806880235672,1.5995194464921951,5.982362111409505,7.581881539026896,57
0.4772484487108886,0.4797047347854823,0.4784765912592411,1.5966129380464553,5.967520109415054,7.5641330313682555,57
0.4763032127469778,0.47737792912870647,0.47684057062864305,1.597130779504776,5.963843159675598,7.560973927497864,57
0.5014491952583193,0.4907584265619516,0.496103813201189,1.6093177604675293,5.947202253341675,7.556519999504089,58
0.4872958736307919,0.4859101382084191,0.48660300724208355,1.6054891020059585,5.896133034229279,7.501622128486633,58
0.47795623683681093,0.47977503566692276,0.4788656376302242,1.6104803870121638,5.934736952781678,7.545217334429423,58
0.47755601233802736,0.4792008786369115,0.4783784468844533,1.609310985505581,5.925620892047882,7.53493186712265,58
0.5042798348143697,0.5055602530315518,0.5049200453460216,1.6262676521539687,5.918269333839416,7.544536974906921,58
0.4667579198628664,0.4599364891834557,0.46334720492362974,1.5589287286996842,5.879399418830872,7.438328132629395,59
0.46182882810011505,0.4641999029833823,0.46301436603069307,1.5797668254375459,5.862229783535003,7.441996612548828,59
0.4616543000563979,0.4655754155976077,0.46361485759417215,1.5935233843326568,5.904378768603007,7.497902151743571,59
0.45914459428749976,0.46037470367271455,0.4597596488147974,1.5929750938713552,5.8915436291694645,7.484518723487854,59
0.4653461985141039,0.4650883143432438,0.4652172560095787,1.6115544329881668,5.887308422088623,7.49886285495758,59
0.4755975341796875,0.47283334609121086,0.47421543836593627,1.623220102787018,5.907067904472351,7.53028799533844,60
0.4743565010279417,0.4707350329682231,0.47254576452076436,1.6217505344748497,5.846923701763153,7.4686742329597475,60
0.470729571779569,0.4666279813895623,0.46867877488334975,1.6303076423207918,5.876290241877238,7.5065978844960535,60
0.4695989608950913,0.46467292415909467,0.4671359411999583,1.6255467527359724,5.863109402656555,7.488656152486801,60
0.4668136313855648,0.46354961117357013,0.4651816198527813,1.626975274980068,5.8692910814285275,7.496266350746155,60
0.4616833409667015,0.45608623072504995,0.45888478606939315,1.6977760910987854,5.897777900695801,7.595554008483886,61
0.46473252803087234,0.4601974745839834,0.46246500134468077,1.680155230164528,5.845611503124237,7.525766735076904,61
0.4658268689115842,0.4680322233090798,0.46692954540252685,1.6791297016541162,5.872160156567891,7.551289863586426,61
0.4723726215772331,0.4716383932158351,0.47200550720095635,1.664125913158059,5.856441262960434,7.520567177534104,61
0.4717328382432461,0.4705167522281408,0.47112479504942895,1.663878425180912,5.853128416061401,7.517006841659546,61
0.45118198312819,0.4540036554634571,0.4525928199291229,1.676211391687393,5.85635931968689,7.53257071018219,62
0.5119897141680121,0.5124226325005293,0.5122061742842198,1.7031827491521836,5.812175238132477,7.515357990264892,62
0.48833860650658606,0.4902914245178302,0.4893150160710017,1.687824403444926,5.835388040542602,7.5232124471664426,62
0.4808215102739632,0.47809967113658786,0.47946059092879295,1.6749238088726996,5.822459322214127,7.497383136749267,62
0.48593444348871706,0.48453603748977186,0.48523524051904676,1.6799907890558243,5.825740689277649,7.505731481552124,62
0.44422091253101825,0.4403444609604776,0.4422826883196831,1.629083079099655,5.8350960683822635,7.46417914390564,63
0.44277684573084114,0.4401914069894701,0.4414841274172068,1.6634902787208556,5.789063241481781,7.452553534507752,63
0.4472556555271149,0.44549426620826127,0.44637496198217075,1.6862044441699982,5.821320446332296,7.5075248988469445,63
0.4483155650272965,0.44475970161613076,0.44653763439506294,1.6894529950618744,5.801888512372971,7.491341514587402,63
0.49928323037549854,0.48884044502303003,0.4940618387162685,1.7109473738670349,5.791756734848023,7.502704115867615,63
0.45645083509385587,0.4464915983378887,0.45147121712565425,1.5900616812705994,5.7962578010559085,7.38631947517395,64
0.44855456028133633,0.4439451203867793,0.4462498403340578,1.6051748368144034,5.733121292591095,7.338296117782593,64
0.44402427807450295,0.4439033932238817,0.4439638358851274,1.63050417582194,5.757448579470316,7.387952740987142,64
0.4429561096429825,0.4401825798116624,0.44156934451311824,1.6424061703681945,5.746326841115952,7.388733005523681,64
0.4486402769833803,0.44372429700568317,0.4461822870969772,1.658576206356287,5.750653601646423,7.409229810714722,64
0.4406937170773745,0.43792360156774524,0.43930865988135337,1.6712883579730988,5.752026739120484,7.42331512928009,65
0.4446982690319419,0.4427942454814911,0.4437462579458952,1.6860922330617905,5.7105258631706235,7.3966181230545045,65
0.44581054978072643,0.44560361115882796,0.4457070808609327,1.6974559337894122,5.746477901140849,7.443933852513632,65
0.44932673297822473,0.44475705788470804,0.44704189509153364,1.6927740577608348,5.730037434101105,7.422811505794525,65
0.4472503422051668,0.44278743540495635,0.44501888820528984,1.7034735171198845,5.742275783538818,7.44574930858612,65
0.44493689097464084,0.4417521779984236,0.4433445367217064,1.7419118428230285,5.763006668090821,7.504918489456177,66
0.45869811199605465,0.4526795561145991,0.4556888349354267,1.746338414400816,5.694978232383728,7.44131662607193,66
0.46261579271405934,0.4625579625554383,0.4625868783891201,1.7404095082481703,5.726129401524862,7.466538899739583,66
0.4586093458067626,0.45469683763105423,0.45665309224277734,1.734668479412794,5.717341593503952,7.452010064125061,66
0.461158660851419,0.4571066282950342,0.4591326451003552,1.7347067314386369,5.711130482673645,7.445837203979492,66
0.4489198790490627,0.43835025548934936,0.44363506987690926,1.732820479273796,5.735673289299012,7.4684937477111815,67
0.4594870284758508,0.4554588770493865,0.45747295454144477,1.744641380161047,5.682339344024658,7.426980714797974,67
0.45298542304585376,0.45069443228344125,0.451839929719766,1.7529426736632983,5.714854564666748,7.4677972316741945,67
0.4562098804768175,0.4498743023723364,0.45304209269583223,1.7502820236235856,5.695293881893158,7.445575901269913,67
0.45856747148931026,0.4518690564930439,0.45521826508641244,1.7478275421261786,5.697939252853393,7.445766795158386,67
0.42637678630650044,0.4238344246894121,0.42510560497641564,1.7550516122579574,5.691010684967041,7.446062278747559,68
0.5336179253458977,0.5201558111142367,0.5268868678063154,1.8073889999091626,5.653517506122589,7.460906486511231,68
0.4938971101989349,0.4883835689413051,0.4911403393248717,1.7721314335862794,5.686214073499044,7.458345492680867,68
0.4791748787276447,0.47268905335571615,0.47593196615576744,1.7542790322750808,5.674750926494599,7.429029951095581,68
0.481140413723886,0.47197004793211816,0.476555231153965,1.7481923533082009,5.670799208641053,7.418991558074951,68
0.43323219284415243,0.4279502055980265,0.43059119910001753,1.6934469121694564,5.708180646896363,7.401627593040466,69
0.4324901532754302,0.4259135286603123,0.4292018409818411,1.7364673891663551,5.641195185184479,7.377662601470948,69
0.4310004494339228,0.42953429186716674,0.430267371237278,1.7660932320356368,5.676073171297709,7.442166419029236,69
0.4315234215371311,0.4271684675430879,0.42934594441205265,1.7677384749799967,5.659764535427094,7.427503019571304,69
0.4350720848143101,0.43117777883633973,0.4331249317228794,1.770547255575657,5.663052667617798,7.433599926948547,69
0.4535162763297558,0.4386591901630163,0.44608773082494735,1.7710224637389183,5.654344964027405,7.425367426872254,70
0.46230179170146585,0.4543313341587782,0.4583165617287159,1.7804894717037678,5.640603158473969,7.421092622280121,70
0.4569656022762259,0.45482159982124964,0.45589360003670054,1.7840511964758237,5.651433877944946,7.435485070546468,70
0.4548190729413182,0.4519463639706373,0.4533827174082398,1.7730878768116236,5.639164630174637,7.412252510786057,70
0.45708580093085766,0.45660096518695353,0.45684338253736495,1.7782660974264144,5.631072649002075,7.409338746070862,70
0.4446069348603487,0.43631664276123044,0.44046178936958313,1.7623906165361405,5.646235094070435,7.408625726699829,71
0.4515038640610874,0.4465395449846983,0.4490217036008835,1.775670858770609,5.579179356098175,7.354850206375122,71
0.4472914554302891,0.44631433750192323,0.4468028953671455,1.7807735665639242,5.610991059939066,7.391764615376791,71
0.44709918172098695,0.44326773717999457,0.4451834587752819,1.7823785933852196,5.599215413331986,7.381594008207321,71
0.44515178035199643,0.44170283791422843,0.44342730891704557,1.7854160996675492,5.60246428489685,7.38788037776947,71
0.45782437682151794,0.4432355665788055,0.45052997052669524,1.8277369135618209,5.634197044372558,7.461933932304382,72
0.46020875565707686,0.4547130362689495,0.4574608951807022,1.8331438440084458,5.575706113576889,7.408849949836731,72
0.4516734884182612,0.4488312982519468,0.45025239199399947,1.8251455241441727,5.60039781332016,7.425543335278829,72
0.4724932627379894,0.4725862676370889,0.4725397645682097,1.8254014107584953,5.585555601716042,7.410957006216049,72
0.47274180841445923,0.4703256452903152,0.4715337264239788,1.8135848819613456,5.584292548656464,7.397877432823181,72
0.42016829684376716,0.4215516983345151,0.4208599963784218,1.7569390082359313,5.6174296951293945,7.374368758201599,73
0.43771213181316854,0.42772051877342165,0.4327163242548704,1.77646447584033,5.570197064876556,7.346661550998688,73
0.4453812863553564,0.4476277667718629,0.44650452529390655,1.7947146251797677,5.5891246620814,7.383839295705159,73
0.451660283440724,0.4462875344278291,0.44897390726953745,1.7918921994417907,5.57590036869049,7.367792581319809,73
0.45773282895237205,0.45342073338106276,0.45557677975296973,1.7946471919417382,5.575600966453552,7.3702481718063355,73
0.41551105201244354,0.41344683777540925,0.4144789431989193,1.7443846070766449,5.588058013916015,7.332442631721497,74
0.4214939166791737,0.4247000201232731,0.4230969673395157,1.7787008538842202,5.5554858636856075,7.334186735153199,74
0.4227676722655694,0.43114686048279205,0.4269572655359904,1.800089296499888,5.581264271736145,7.381353584925334,74
0.42883348090574147,0.4321135240979493,0.43047350220382213,1.7961233608424663,5.567008883953094,7.363132256269455,74
0.42922778856009247,0.43140476568043234,0.4303162772655487,1.796942438364029,5.561215022087097,7.358157465934753,74
0.41623250499367714,0.4145135445892811,0.41537302285432814,1.8222661006450653,5.571174640655517,7.393440728187561,75
0.435865995567292,0.43313770124688744,0.4345018479973078,1.852492804080248,5.529587717056274,7.382080504894256,75
0.43408428280303873,0.4369904021546245,0.4355373422304789,1.8505426505208016,5.567639231681824,7.418181877136231,75
0.4384950897563249,0.43707520517520604,0.4377851476892829,1.8473496270924807,5.551510515213013,7.398860146999359,75
0.4899588590562344,0.4848836922384799,0.48742127591371537,1.880341643795371,5.54459580039978,7.424937448501587,75
0.46924050569534304,0.4713287428766489,0.4702846246957779,1.649459796845913,5.513530850410461,7.162990636825562,76
0.445845630094409,0.44544497882947326,0.4456453035026789,1.683406278640032,5.493111183643341,7.176517455577851,76
0.4359961228693525,0.438445396758616,0.4372207589447498,1.7202851855754853,5.523699612617492,7.243984799385071,76
0.43393892077729107,0.43355820488184693,0.4337485621869564,1.730879282951355,5.509177739620209,7.240057023763657,76
0.43373287527263166,0.43139789438992737,0.43256538444757464,1.7469139763116837,5.512859396934509,7.259773378372192,76
0.4215047895908356,0.41687018524855374,0.4191874875128269,1.8220662042498588,5.546587328910828,7.368653531074524,77
0.4382326415553689,0.4298283889517188,0.4340305168181658,1.8380025732517242,5.491778750419616,7.329781329631805,77
0.42812261016418535,0.42591991630693277,0.4270212646325429,1.8420850320657094,5.528831977844238,7.370917018254598,77
0.42798318351153286,0.42383880394510925,0.4259109950810671,1.840801896750927,5.5113341796398165,7.352136079072952,77
0.4329980185814202,0.42899717029929163,0.4309975953102112,1.8426665797233581,5.512326438903808,7.354993021011352,77
0.44727604143321514,0.44197423875331876,0.4446251408755779,1.8532199904322624,5.509859914779663,7.3630798816680905,78
0.45281079174950717,0.4511617073789239,0.4519862496852875,1.8436712731420994,5.4596868205070495,7.30335807800293,78
0.45659786351025106,0.4593649104361733,0.45798138638337454,1.8505419893066088,5.4955737622578935,7.346115751266479,78
0.4513559025991708,0.4506185735203326,0.45098723769187926,1.8387329050153494,5.4809900307655335,7.319722937345505,78
0.4465257411673665,0.44426726338267325,0.4453965022265911,1.8403341401219369,5.482240259170532,7.322574398994446,78
0.4207508763298392,0.4125203121080995,0.41663559317588805,1.8634296202659606,5.5199338245391845,7.383363428115845,79
0.5464222872443497,0.5397288720682263,0.5430755764245987,1.9052202770113944,5.459846742153168,7.365066986083985,79
0.5034582725043099,0.5004178682714701,0.5019380682210127,1.8669820014635723,5.4842742395401,7.351256225903829,79
0.4817141835577786,0.4767113832943142,0.47921278204768897,1.8505177800357342,5.4651154363155365,7.315633203983307,79
0.47466146798431874,0.4687595941722393,0.47171052983403206,1.8442246034145355,5.464580254554749,7.308804846763611,79
0.4197029954940081,0.41326664432883264,0.4164848217368126,1.8830240333080293,5.48249077796936,7.365514793395996,80
0.42970695331692693,0.4309741451777518,0.4303405517339706,1.8748513528704642,5.435993793010712,7.3108451414108275,80
0.43857371784746646,0.4414117127843201,0.4399927168587844,1.8801027423143386,5.459376281102498,7.339479018847148,80
0.4315833345614374,0.43238786143716423,0.4319855993241072,1.8708181691169739,5.444968186616897,7.315786348581314,80
0.44205558632314207,0.4398285721950233,0.44094208005070684,1.8670468527078627,5.4482951183319095,7.3153419685363765,80
0.430539119169116,0.42130571592599153,0.4259224182367325,1.819225363135338,5.475366296768189,7.294591655731201,81
0.5488920081593096,0.5414357478544116,0.54516387835145,1.8792944346368312,5.431387431621552,7.310681853294373,81
0.5084667563935121,0.5060940572371085,0.5072804076472918,1.8544486737251282,5.450517455736796,7.304966133435567,81
0.48406522992998363,0.4792819735594094,0.48167360249906777,1.8327816572785378,5.436983852386475,7.269765510559082,81
0.4717002100273967,0.4668627685829997,0.469281489700079,1.8285259548425674,5.439376339912415,7.267902298927307,81
0.43484579764306547,0.42756766054779294,0.4312067267298698,1.8402485758066178,5.4506658267974855,7.290914392471313,82
0.4352481739036739,0.4278838515281677,0.43156601198017597,1.8435970525443555,5.401648408174514,7.2452454447746275,82
0.43831429664666455,0.4336733557532231,0.4359938255449136,1.853638620475928,5.433034002780914,7.286672611236572,82
0.4344033452263102,0.4274754341505468,0.43093938965350387,1.8554684755951165,5.417885815501213,7.273354293107986,82
0.44252915465459225,0.43663071127980946,0.43957993295788766,1.8596216812729836,5.41258435678482,7.272206038475036,82
0.43631217181682586,0.42495018668472767,0.4306311784684658,1.839809698164463,5.439577860832214,7.279387588500977,83
0.45836644888855516,0.4460034609818831,0.4521849549561739,1.8381070521473886,5.40632960319519,7.244436674118042,83
0.44925554368024073,0.4414340671927979,0.4453448061645031,1.8445772363742192,5.421743731498719,7.266320993105571,83
0.44723859675694255,0.43607572170207276,0.44165715970098973,1.8547883339226245,5.4053805124759675,7.26016886472702,83
0.4561020669601858,0.4438603841010481,0.4499812260866165,1.8643790690898896,5.405882965087891,7.270262050628662,83
0.40555653810501097,0.395083322301507,0.40031993165612223,1.8619226390123367,5.416506943702697,7.278429608345032,84
0.454693977534771,0.44149113541468976,0.44809255585074426,1.8985108037292957,5.408956332206726,7.307467150688171,84
0.44059493705630304,0.43564129405965407,0.4381181152661641,1.8900506169597309,5.428330062230428,7.318380683263143,84
0.4365042064525187,0.42796770834829656,0.4322359572723508,1.8861205854266883,5.408920496702194,7.29504108786583,84
0.474331960991025,0.46572912072762845,0.4700305401980877,1.918972758769989,5.406663327217102,7.325636083602905,84
0.44476248417049646,0.44381603203713893,0.44428925827145577,1.7343695330619813,5.383494682312012,7.117864241600037,85
0.4256460551545024,0.42372781740501525,0.4246869371831417,1.7758494558930398,5.341235743761063,7.117085218429565,85
0.4154783592497309,0.41716337684541943,0.4163208692272504,1.814777164856593,5.378182267347972,7.1929594453175865,85
0.41674213038757446,0.41658660881221293,0.4166643711924553,1.8303041476011277,5.371080256104469,7.201384415626526,85
0.4247097376063466,0.42244991632178425,0.42357982823252677,1.8430748599171638,5.377984122753143,7.22105899810791,85
0.41471518635749816,0.409452402908355,0.4120837953686714,1.8723328894376754,5.3905555486679075,7.262888450622558,86
0.48062856419943273,0.47826281770132484,0.4794456897675991,1.9213917915523053,5.333051990270615,7.254443774223327,86
0.4551536046775679,0.4557885919697583,0.4554710974295934,1.911691798865795,5.364386438528697,7.276078235308329,86
0.4456264272937551,0.4426695173187181,0.4441479716449976,1.898565096333623,5.348614578843117,7.247179667949677,86
0.4871796463094652,0.4722351354658604,0.47970738995075224,1.9248714333027601,5.351687398433685,7.2765588331222535,86
0.43589950785040854,0.4271288190037012,0.4315141636133194,1.7802154743671417,5.326658039093018,7.1068734931945805,87
0.42286029309034345,0.4216133414581418,0.42223681658506396,1.8035191574692726,5.319581952095032,7.123101115226746,87
0.42446885392069816,0.42675739150494335,0.4256131221850713,1.8317428255081176,5.3415068928400675,7.173249724706014,87
0.42253747492097316,0.41981853377074,0.4211780037730932,1.837660963535309,5.327531546354294,7.165192513465882,87
0.42602368935197593,0.4203847646862268,0.4232042265534401,1.8421146646142006,5.33802009677887,7.180134760856628,87
0.4146147312223911,0.40875622861087324,0.41168547719717025,1.9167215400934219,5.382652068138123,7.299373579025269,88
0.4215968315675855,0.4182947657164186,0.4199457968771458,1.9357426595687866,5.3237010562419895,7.259443700313568,88
0.4340403042609493,0.43084558776890236,0.4324429449439049,1.9374619507789612,5.344001255830129,7.281463209788004,88
0.4314569491893053,0.42751967400778085,0.4294883110001683,1.922818860784173,5.332175648808479,7.254994511604309,88
0.4368392630070448,0.4320014187507331,0.43442034086585046,1.9209060628414154,5.334709725856781,7.255615790367126,88
0.41922068476676944,0.4170988596230745,0.4181597711145878,1.8657398331165314,5.367360582351685,7.2331004285812375,89
0.4481589081324637,0.44356914546340703,0.44586402535438535,1.8928931376338005,5.322795510292053,7.215688652992249,89
0.4355407019580404,0.43687540672719477,0.4362080533802509,1.9100538422664006,5.3433179155985515,7.2533717584609985,89
0.4766274944320321,0.47176634553819896,0.47419692017138004,1.9178297536075115,5.3239523965120314,7.241782155036926,89
0.4625274863392115,0.4561689527332783,0.4593482197225094,1.9073869322538375,5.321840755939483,7.229227693557739,89
0.422753812931478,0.4100134045444429,0.4163836087286472,1.8573753589391708,5.332319464683533,7.189694852828979,90
0.44571249721571804,0.43669188127852976,0.44120218843221665,1.901078501343727,5.2985461854934695,7.199624695777893,90
0.43721056116123996,0.4329716293451687,0.43509109457333883,1.893395873705546,5.317749094963074,7.211144971847534,90
0.4324293106235564,0.4262228224100545,0.4293260657414794,1.8870266377925873,5.302787770032882,7.189814405441284,90
0.43625014057382944,0.42908697855100036,0.43266855883598326,1.8977072010040283,5.303261259555817,7.200968458175659,90
0.4551909912750125,0.4450691607967019,0.45013007760047913,1.8733457607030868,5.300411677360534,7.173757448196411,91
0.43418009966611865,0.4320089373551309,0.4330945205688477,1.878810087442398,5.274635927677155,7.153446018695831,91
0.4405454706462721,0.4421382464716832,0.4413418598473072,1.899774160782496,5.29318188826243,7.192956039110819,91
0.4347577913897112,0.4326505229715258,0.43370415817946195,1.897978381663561,5.278394105434418,7.176372479200364,91
0.4314587264247239,0.4283864553719759,0.42992259189486504,1.9071420072317122,5.287644111633301,7.1947861042022705,91
0.5115420996025205,0.48664769602939484,0.49909489750862124,1.9969517475366592,5.3080887866020205,7.3050405168533326,92
0.46592883035540583,0.4485875068884343,0.4572581693530083,1.9493476623296737,5.262903370857239,7.212251029014587,92
0.44586606999859213,0.4353615097453197,0.44061379025379815,1.957885550260544,5.292322389284769,7.250207945505778,92
0.44048336538951843,0.429365146914497,0.43492425672709945,1.955220395475626,5.277935031652451,7.233155428171158,92
0.4429528514035046,0.43180058697611096,0.4373767198324203,1.960074658215046,5.290600238800049,7.2506748991012575,92
0.44411689419299366,0.4295022451132536,0.4368095684051514,1.9332334461808205,5.27714015007019,7.210373582839966,93
0.4721011392213404,0.4577560352534056,0.46492858670651915,1.959271539002657,5.240716161727906,7.199987690448761,93
0.46327327987800043,0.45599560751269264,0.4596344429254532,1.947374417881171,5.265938808123271,7.213313207626343,93
0.45188582682050765,0.4414550047274679,0.44667041532695295,1.9409864785522222,5.2523356521129605,7.193322120904923,93
0.45532334569841626,0.4451881327405572,0.4502557390332222,1.9423964141011238,5.2592730178833005,7.201669424057007,93
0.41435557276010515,0.4123481767065823,0.4133518731594086,1.89767826795578,5.275121421813965,7.172799682617187,94
0.42350586302578447,0.4171748018916696,0.42034033231437207,1.910992432385683,5.241796271800995,7.1527887010574345,94
0.4267585124447942,0.4197187308470408,0.42323862185080846,1.9401327510674795,5.254240919748942,7.194373666445414,94
0.43526834934018555,0.4210436933580786,0.4281560217216611,1.939605294391513,5.242166986465454,7.181772271394729,94
0.4527413771748543,0.4441106029227376,0.4484259903728962,1.9387700766324998,5.245432430267334,7.1842024974823,94
0.4120746800303459,0.40862895926460624,0.4103518190979958,1.8707124477624892,5.259277582168579,7.129990034103393,95
0.43011892199516294,0.417324501760304,0.4237217116355896,1.8839819607138635,5.216624183654785,7.100606145858765,95
0.4383805566777786,0.43276938998450837,0.43557497337460516,1.9049815039833387,5.239941825866699,7.1449233293533325,95
0.4305304478853941,0.4220462104026228,0.4262883292138577,1.9047514224797488,5.226113754510879,7.130865179300308,95
0.4301155776381493,0.421361411485821,0.42573849445581435,1.9124183034300803,5.231956645488739,7.1443749618530275,95
0.4862132431194186,0.46440369514748453,0.4753084689378738,1.9583035057783127,5.2360401487350465,7.1943436622619625,96
0.4530300559848547,0.44095569049008193,0.4469928739219904,1.9261597517132758,5.204315749406814,7.130475506782532,96
0.458461134750396,0.4519548617241283,0.4552079989016056,1.956507150332133,5.224538369178772,7.181045519510905,96
0.453060800540261,0.4422118902625516,0.4476363457739353,1.9360135373473168,5.207573909163475,7.143587446212768,96
0.44808893949911,0.4372937993966043,0.44269136983156204,1.9292729608416557,5.22013618516922,7.149409145355224,96
0.40451071828603746,0.3988853061571717,0.4016980130970478,1.9699713468551636,5.255905447006225,7.2258767938613895,97
0.4905407831259072,0.4897520086169243,0.49014639608561994,2.0316135440021754,5.209187310934067,7.240800833702087,97
0.4630843441809217,0.4632318849861622,0.46315811450282734,1.9960802973806857,5.231712484359742,7.22779277006785,97
0.4567122942302376,0.45131842128001154,0.4540153577551246,1.9628654382750392,5.219322693943977,7.182188121080398,97
0.4554333130419254,0.448977811306715,0.45220556199550627,1.948938824981451,5.2220417122840885,7.170980523109436,97
0.41994944609701634,0.40750460367649793,0.41372702419757845,1.9297763019800187,5.2334241819381715,7.163200478553772,98
0.44559463903307917,0.4287647627387196,0.4371797014772892,1.9513080259412527,5.1861222863197325,7.1374303150177,98
0.4431236711765329,0.4370806525461376,0.440102162361145,1.9490472538769246,5.208194146156311,7.15724139213562,98
0.44023552240803837,0.4323851894261315,0.43631035640835764,1.942127650938928,5.18997480392456,7.132102447748184,98
0.43879602856189015,0.43142289206758144,0.4351094605624676,1.9438017325103283,5.1912437973022465,7.135045524597168,98
0.4383983876928687,0.4235275959223509,0.4309629905223846,1.9851189678907395,5.248191070556641,7.2333100271224975,99
0.4494991116784513,0.42894084518775344,0.4392199778556824,1.9788595679402352,5.190734452009201,7.169594012498855,99
0.45037346782783666,0.4427448858693242,0.44655917609731355,1.9919233371814091,5.209923702081045,7.2018470342954,99
0.4416759250778705,0.43260751927737146,0.4371417218074203,1.9753282631933688,5.2041165393590925,7.179444791674614,99
0.4380818982124329,0.42924314280599357,0.4336625202000141,1.973027337551117,5.209770341396331,7.182797669887543,99
